Década,SUSANA,ANA,PATRICIA,MARIA
1950,0.18586663794032102,0.3139825487450178,0.044651513519336425,0.4554992997953248
1960,0.3456359913763881,0.2028243684831392,0.17012650675923038,0.2814131333812423
1970,0.09608870775375011,0.21637849368563816,0.2711052348206558,0.416427563739956
1980,0.03483248334946617,0.24899952323851077,0.18127049713220741,0.5348974962798156
1990,0.023595470174442447,0.236751206586543,0.10013879688337907,0.6395145263556354
2000,0.018907285254668057,0.2574740337010974,0.04912662151640247,0.6744920595278321
2010,0.014487813192432248,0.2794443497528549,0.024288392704959947,0.6817794443497529
2020,,,,
