Década,SUSANA,ANA,PATRICIA,MARIA
1970,0.028717930768961536,0.23819607294109413,0.0999964999474992,0.6330894963424452
1980,0.012161254605848293,0.22766957689724648,0.05977165883143049,0.7003975096654748
1990,0.005886624137752192,0.21121829780613038,0.03376380893107204,0.7491312691250454
2000,0.0036891991599977297,0.2088654293660253,0.015664907202451898,0.771780464271525
2010,0.00018211619012930248,0.1824804225095611,0.0072846476051721,0.8100528136951375
